Timestamp,Question,Answer,Feedback
2025-08-02 10:50:33,Falha na impressão da impressora MP 4200 TH,"#### 1. Código do Artigo: 
7507,  1. Código do Artigo: 
7507, 8502, 8725, 92508502, 8725, 9250, 9253

## 2. Título do Artigo: 
CSF Tech: Falha impressora térmica - VD e Lojas Pró, 9253

## 2. Título do Artigo: 
CSF Tech: Falha impressora térmica - VD e Lojas Próprias; CSF Tech: Impressora Bematech Não Fiscal - Rede; CSF Tech: Impressora Bematech e Gertec Não Fiscal - USB;prias; CSF Tech: Impressora Bematech Não Fiscal - Rede; CSF Tech: Impressora Bematech e Gertec Não Fiscal - USB; CSF TECH: Impressoras EPSON; CSF TECH: Impressoras ADV


## 3. Descrição das Possíveis Causas:
• **Causa 1: Cabo de energia:** O cabo de energia pode não estar CSF TECH: Impressoras EPSON; CSF TECH: Impressoras ADV


## 3. Descrição das Possíveis Causas:
• **Causa 1: Cabo de energia:** O cabo de energia pode não estar conectado corretamente na impressora ou a fonte de alimentação pode não estar ligada na energia.  (Artigo 7507)
• **Causa 2: Cabo USB:** O cabo USB pode não estar conectado corretamente na impress conectado corretamente na impressora ou a fonte de alimentação pode não estar ligada na energia.  (Artigo 7507)
• **Causa 2: Cabo USB:** O cabo USB pode não estar conectado corretamente na impressora ou no PDV (computador). (Artigo 7507)
• **Causa 3: Driver não instalado:** O driver da impressora pode não estar instalado corretamente. (Vários artigos)
• **Causa 4: Firmware desatualizado:** O firmware da impressora podeora ou no PDV (computador). (Artigo 7507)
• **Causa 3: Driver não instalado:** O driver da impressora pode não estar instalado corretamente. (Vários artigos)
• **Causa 4: Firmware desatualizado:** O firmware da impressora pode estar desatualizado. (Artigo 9253)
• **Causa 5: Falha física:** Pode haver uma falha física na impressora. (Artigo 7507, 9253)
• **Causa 6: Bobina:** A impressora pode estar desatualizado. (Artigo 9253)
• **Causa 5: Falha física:** Pode haver uma falha física na impressora. (Artigo 7507, 9253)
• **Causa 6: Bobina:** A impressora pode estar sem bobina de papel. (Artigo 7507)
• **Causa 7: Documentos presos na fila de impressão:** Pode haver documentos presos na fila de impressão. (Artigo 7507)
• **Causa 8: Configuração de porta incorreta:** A configuração estar sem bobina de papel. (Artigo 7507)
• **Causa 7: Documentos presos na fila de impressão:** Pode haver documentos presos na fila de impressão. (Artigo 7507)
• **Causa 8: Configuração de porta incorreta:** A configuração da porta da impressora pode estar incorreta. (Artigo 7507)
• **Causa 9:  Erro no relógio do computador:** O horário do computador pode estar incorreto, causando problemas de inicialização. (Artigo 4585)


## 4. Descrição das da porta da impressora pode estar incorreta. (Artigo 7507)
• **Causa 9:  Erro no relógio do computador:** O horário do computador pode estar incorreto, causando problemas de inicialização. (Artigo 4585)


## 4. Descrição das Possíveis Soluções Aplicadas:

### **Para Lojas AERO:**
* Para falhas em impressoras convencionais de lojas AERO, a configuração e instalação devem ser realizadas pela Simpress ou GBBS.  Não é realizado pela Infra-Varejo. (Vários artigos)
* Possíveis Soluções Aplicadas:

### **Para Lojas AERO:**
* Para falhas em impressoras convencionais de lojas AERO, a configuração e instalação devem ser realizadas pela Simpress ou GBBS.  Não é realizado pela Infra-Varejo. (Vários artigos)
* Para falhas físicas em impressoras convencionais de lojas AERO, o chamado deve ser encaminhado diretamente para a equipe da Simpress, seguindo a categorização do tópico ""2.1.2 - Falha Física"". (Vários artigos)


### **Para Franquias:**
* A solic Para falhas físicas em impressoras convencionais de lojas AERO, o chamado deve ser encaminhado diretamente para a equipe da Simpress, seguindo a categorização do tópico ""2.1.2 - Falha Física"". (Vários artigos)


### **Para Franquias:**
* A solicitação de compra de impressoras deve ser feita diretamente pelo Portal SuaLojaGB. (Vários artigos)
* Para ajustes de configurações (horário, endereço, dados cadastrais), a franquia deve enviar o equipamento para suporte técnico. (Vários artigos)
* Para problemas com impressoras Zebra ouitação de compra de impressoras deve ser feita diretamente pelo Portal SuaLojaGB. (Vários artigos)
* Para ajustes de configurações (horário, endereço, dados cadastrais), a franquia deve enviar o equipamento para suporte técnico. (Vários artigos)
* Para problemas com impressoras Zebra ou precificadoras, não contatar o time de N2 - TI Infravarejo. (Artigo 8418)
* Para problemas físicos em impressoras Zebra, contatar a assistência técnica da Zebra (0800-891-9324 ou 55-1 precificadoras, não contatar o time de N2 - TI Infravarejo. (Artigo 8418)
* Para problemas físicos em impressoras Zebra, contatar a assistência técnica da Zebra (0800-891-9324 ou 55-114-700-1933). (Artigo 8418)


### **Procedimentos Gerais:**

1. **Passo 1: Verificação de conexões:** Verifique se o cabo de energia e o cabo USB estão conectados corretamente. (Artigo 7507)14-700-1933). (Artigo 8418)


### **Procedimentos Gerais:**

1. **Passo 1: Verificação de conexões:** Verifique se o cabo de energia e o cabo USB estão conectados corretamente. (Artigo 7507)
2. **Passo 2: Reinicialização:** Reinicie a impressora e o PDV. (Artigo 7507, 4585)
3. **Passo 3: Verificação do driver:** Verifique se o driver da impressora está instalado corretamente. Se não estiver
2. **Passo 2: Reinicialização:** Reinicie a impressora e o PDV. (Artigo 7507, 4585)
3. **Passo 3: Verificação do driver:** Verifique se o driver da impressora está instalado corretamente. Se não estiver, instale-o através do portal Auto Solução (http://autosolucao.e-boticario.com.br/solution/projeto-troca-de-maquinas---aero7Cgbbs) ou GB Resolve. (Vários artigos)
4. **Passo 4: Ver, instale-o através do portal Auto Solução (http://autosolucao.e-boticario.com.br/solution/projeto-troca-de-maquinas---aero7Cgbbs) ou GB Resolve. (Vários artigos)
4. **Passo 4: Verificação do firmware:** Verifique a versão do firmware e atualize se necessário. (Artigo 9253)
5. **Passo 5: Verificação da bobina:** Verifique se há bobina de papel na impressora. (Artigo 7507)
6. **Passo 6:ificação do firmware:** Verifique a versão do firmware e atualize se necessário. (Artigo 9253)
5. **Passo 5: Verificação da bobina:** Verifique se há bobina de papel na impressora. (Artigo 7507)
6. **Passo 6:",positive
2025-08-02 11:13:26,Falha na impressão da impressora MP 4200 TH,"#### 1. Código do Artigo: 7507, 8 1. Código do Artigo: 7507, 8725, 8502, 9253725, 8502, 9253## 2. Título do Artigo: Falha impressora térmica - VD e Lojas Próprias; Impressora Bematech Não Fiscal - USB## 2. Título do Artigo: Falha impressora térmica - VD e Lojas Próprias; Impressora Bematech Não Fiscal - USB; Impressora Bematech Não Fiscal - Rede; CSF TECH: Impressoras ADV


## 3. Descrição das Possíveis Causas:; Impressora Bematech Não Fiscal - Rede; CSF TECH: Impressoras ADV


## 3. Descrição das Possíveis Causas:**🔍 Causas Identificadas:**

**• Causa 1: Cabo de Energia Desconectado**
   - Descrição: O cabo de energia pode não estar conectado corretamente na impressora MP 4200 TH**🔍 Causas Identificadas:**

**• Causa 1: Cabo de Energia Desconectado**
   - Descrição: O cabo de energia pode não estar conectado corretamente na impressora MP 4200 TH ou a fonte de alimentação pode não estar ligada na energia.  Verifique os LEDs indicadores de energia.
   - Artigo de Referência: 7507


**• Causa 2: Cabo USB Descon ou a fonte de alimentação pode não estar ligada na energia.  Verifique os LEDs indicadores de energia.
   - Artigo de Referência: 7507


**• Causa 2: Cabo USB Desconectado**
   - Descrição: O cabo USB que conecta a impressora MP 4200 TH ao computador pode estar desconectado ou danificado.
   - Artigo de Referência: 7507, 8725


**• Causa 3: Driver Não Instalectado**
   - Descrição: O cabo USB que conecta a impressora MP 4200 TH ao computador pode estar desconectado ou danificado.
   - Artigo de Referência: 7507, 8725


**• Causa 3: Driver Não Instalado ou Incorretamente Instalado**
   - Descrição: O driver da impressora MP 4200 TH pode não estar instalado corretamente no sistema operacional. Verifique no Gerenciador de Dispositivos se a impressora é reconhecida e se o driver está instalado corretamente.
   - Artigoado ou Incorretamente Instalado**
   - Descrição: O driver da impressora MP 4200 TH pode não estar instalado corretamente no sistema operacional. Verifique no Gerenciador de Dispositivos se a impressora é reconhecida e se o driver está instalado corretamente.
   - Artigo de Referência: 8502, 8725, 9253


**• Causa 4:  Bobina de Papel Vazia ou Mal Encaixada**
   - Descrição: A impressora MP 4200 TH pode não estar imprimindo de Referência: 8502, 8725, 9253


**• Causa 4:  Bobina de Papel Vazia ou Mal Encaixada**
   - Descrição: A impressora MP 4200 TH pode não estar imprimindo porque a bobina de papel está vazia ou não está encaixada corretamente.
   - Artigo de Referência: 7507


**• Causa 5:  Firmware desatualizado**
   - Descrição: A impressora MP 4200 TH pode apresentar falhas porque a bobina de papel está vazia ou não está encaixada corretamente.
   - Artigo de Referência: 7507


**• Causa 5:  Firmware desatualizado**
   - Descrição: A impressora MP 4200 TH pode apresentar falhas de impressão devido a um firmware desatualizado.
   - Artigo de Referência: 9253


**• Causa 6: Falha física na impressora**
   - Descrição: Pode haver uma falha física na impressora MP 4200 TH que impede a de impressão devido a um firmware desatualizado.
   - Artigo de Referência: 9253


**• Causa 6: Falha física na impressora**
   - Descrição: Pode haver uma falha física na impressora MP 4200 TH que impede a impressão, mesmo com os cabos e drivers corretos.
   - Artigo de Referência: 7507



## 4. Descrição das Possíveis Soluções Aplicadas:

### 🏪 Para Franquias:

1. **Passo 1: Verificar Conexões Físicas impressão, mesmo com os cabos e drivers corretos.
   - Artigo de Referência: 7507



## 4. Descrição das Possíveis Soluções Aplicadas:

### 🏪 Para Franquias:

1. **Passo 1: Verificar Conexões Físicas**
   - Ação: Inspecionar os cabos de energia e USB da impressora MP 4200 TH.
   - Como: Desconectar e reconectar os cabos, verificando se estão firmemente conectados em ambas as extremidades. Verificar se a fonte de alimentação está ligada na tomada**
   - Ação: Inspecionar os cabos de energia e USB da impressora MP 4200 TH.
   - Como: Desconectar e reconectar os cabos, verificando se estão firmemente conectados em ambas as extremidades. Verificar se a fonte de alimentação está ligada na tomada.


2. **Passo 2: Verificar a Bobina de Papel**
   - Ação: Conferir se há papel na impressora e se está corretamente instalado.
   - Como: Abrir a impressora, verificar o nível de papel e garantir que a bobina esteja corretamente encaixada..


2. **Passo 2: Verificar a Bobina de Papel**
   - Ação: Conferir se há papel na impressora e se está corretamente instalado.
   - Como: Abrir a impressora, verificar o nível de papel e garantir que a bobina esteja corretamente encaixada.


3. **Passo 3: Verificar o Driver**
   - Ação: Verificar se o driver da impressora está instalado e atualizado.
   - Como: Acessar o Gerenciador de Dispositivos do Windows, verificar se a impressora é reconhecida e se o driver está instalado corretamente


3. **Passo 3: Verificar o Driver**
   - Ação: Verificar se o driver da impressora está instalado e atualizado.
   - Como: Acessar o Gerenciador de Dispositivos do Windows, verificar se a impressora é reconhecida e se o driver está instalado corretamente. Se necessário, reinstalar ou atualizar o driver.  Consulte os artigos de referência para instruções detalhadas.


4. **Passo 4: Reiniciar a Impressora e o Computador**
   - Ação: Reiniciar a impressora e o computador para resolver problemas temporários de software. Se necessário, reinstalar ou atualizar o driver.  Consulte os artigos de referência para instruções detalhadas.


4. **Passo 4: Reiniciar a Impressora e o Computador**
   - Ação: Reiniciar a impressora e o computador para resolver problemas temporários de software.
   - Como: Desligar e ligar a impressora. Reiniciar o computador.


5. **Passo 5: Contato com Suporte Técnico**
   - Ação: Se os passos anteriores não resolverem o problema, entrar em contato com o suporte técnico da Bematech ou com a.
   - Como: Desligar e ligar a impressora. Reiniciar o computador.


5. **Passo 5: Contato com Suporte Técnico**
   - Ação: Se os passos anteriores não resolverem o problema, entrar em contato com o suporte técnico da Bematech ou com a equipe de suporte do Grupo Boticário.
   - Como: Consultar os manuais e sites de suporte para obter informações de contato.


### ⚙️ Procedimentos Técnicos:

- **Verificação:** Utilizar o Gerenciador de Dispositivos para verificar o status da impressora e dos equipe de suporte do Grupo Boticário.
   - Como: Consultar os manuais e sites de suporte para obter informações de contato.


### ⚙️ Procedimentos Técnicos:

- **Verificação:** Utilizar o Gerenciador de Dispositivos para verificar o status da impressora e dos drivers.
- **Teste:** Realizar um teste de impressão após cada passo de solução para verificar se o problema foi resolvido.


### Informações Adicionais:

A numeração da porta COM pode variar dependendo da configuração do PDV.  Se houver mais de um dispositivo com o mesmo nome da impressora drivers.
- **Teste:** Realizar um teste de impressão após cada passo de solução para verificar se o problema foi resolvido.


### Informações Adicionais:

A numeração da porta COM pode variar dependendo da configuração do PDV.  Se houver mais de um dispositivo com o mesmo nome da impressora, exclua os dispositivos ocultos antes de prosseguir.  Para impressoras em rede, verifique a configuração de VLAN no portal Meraki.  Para impressoras ADV, verifique a atualização do firmware.  Para problemas persistentes, abra um chamado de suporte com as informações detalhadas do problema., exclua os dispositivos ocultos antes de prosseguir.  Para impressoras em rede, verifique a configuração de VLAN no portal Meraki.  Para impressoras ADV, verifique a atualização do firmware.  Para problemas persistentes, abra um chamado de suporte com as informações detalhadas do problema.",positive
2025-08-02 11:32:41,Falha na impressão no PDV GB que usa a impressora MP4200 TH,"#### 1. Código do Artigo: 
Não há código numérico explí 1. Código do Artigo: 
Não há código numérico explícito na pergunta, mas os artigos 7507, 85cito na pergunta, mas os artigos 7507, 8502, 8725, 9250, 9253, 31702, 31702, 8725, 9250, 9253, 31702, 31730, 31703, 31731, 31712, 31713, 30, 31703, 31731, 31712, 31713, 31732 são mencionados no contexto como relacionados a impressoras.

## 2. Título do Artigo: 
Soluções para Falhas de Impressão em Impressoras MP4200 TH

##31732 são mencionados no contexto como relacionados a impressoras.

## 2. Título do Artigo: 
Soluções para Falhas de Impressão em Impressoras MP4200 TH

## 3. Descrição das Principais Causas:

**🔧 HARDWARE (Físicas)**
**• Causa 1: Problemas de Conexão Física**
   - Descrição: Cabo USB danificado ou mal 3. Descrição das Principais Causas:

**🔧 HARDWARE (Físicas)**
**• Causa 1: Problemas de Conexão Física**
   - Descrição: Cabo USB danificado ou mal conectado; problemas na porta USB do computador; impressora desligada ou sem energia.  Falta de papel ou bobina.
   - Referência: Artigos 7507, 8725, 9253

**💻 SOFTWARE (Sistema)**
**• Causa 2: conectado; problemas na porta USB do computador; impressora desligada ou sem energia.  Falta de papel ou bobina.
   - Referência: Artigos 7507, 8725, 9253

**💻 SOFTWARE (Sistema)**
**• Causa 2: Driver de Impressora Incorreto ou Não Instalado**
   - Descrição: Driver ausente, desatualizado ou com configuração incorreta; conflitos de drivers; problemas com o serviço de spool de impressão.
   - Referência: Artigos 8725, 925 Driver de Impressora Incorreto ou Não Instalado**
   - Descrição: Driver ausente, desatualizado ou com configuração incorreta; conflitos de drivers; problemas com o serviço de spool de impressão.
   - Referência: Artigos 8725, 9253

**⚙️ CONFIGURAÇÃO (Setup)**
**• Causa 3: Configurações Incorretas do Sistema**
   - Descrição: Porta COM incorreta configurada no sistema operacional; configurações de impressão incorretas no software PDV; problemas de comunicação entre a impressora e o PDV3

**⚙️ CONFIGURAÇÃO (Setup)**
**• Causa 3: Configurações Incorretas do Sistema**
   - Descrição: Porta COM incorreta configurada no sistema operacional; configurações de impressão incorretas no software PDV; problemas de comunicação entre a impressora e o PDV.
   - Referência: Artigos 8502, 8725

**🌐 CONECTIVIDADE (Rede)**
**• Causa 4: Problemas de Rede (apenas se aplicável)**
   - Descrição: Impressora conectada em rede com problemas de.
   - Referência: Artigos 8502, 8725

**🌐 CONECTIVIDADE (Rede)**
**• Causa 4: Problemas de Rede (apenas se aplicável)**
   - Descrição: Impressora conectada em rede com problemas de configuração de IP, máscara de rede ou gateway; problemas na rede local (VLAN, switch, roteador).
   - Referência: Artigo 8502


## 4. Soluções Consolidadas por Prioridade:

### **🚀 SOLUÇÃO RÁPIDA (1º Tentar configuração de IP, máscara de rede ou gateway; problemas na rede local (VLAN, switch, roteador).
   - Referência: Artigo 8502


## 4. Soluções Consolidadas por Prioridade:

### **🚀 SOLUÇÃO RÁPIDA (1º Tentar)**
1. **Verificação Inicial:** Verifique se a impressora está ligada e conectada corretamente ao PDV via USB.  Verifique se há papel na impressora.
2. **Ação Imediata:** Reinicie a impressora e o PDV.

### **🔧 SOLU)**
1. **Verificação Inicial:** Verifique se a impressora está ligada e conectada corretamente ao PDV via USB.  Verifique se há papel na impressora.
2. **Ação Imediata:** Reinicie a impressora e o PDV.

### **🔧 SOLUÇÃO TÉCNICA (2º Nível)**
1. **Diagnóstico:** Verifique o Gerenciador de Dispositivos (devmgmt.msc) para confirmar se o driver está instalado corretamente e a porta COM está configurada. Verifique a fila de impressão para documentos pendentes.
2. **Configuração:**ÇÃO TÉCNICA (2º Nível)**
1. **Diagnóstico:** Verifique o Gerenciador de Dispositivos (devmgmt.msc) para confirmar se o driver está instalado corretamente e a porta COM está configurada. Verifique a fila de impressão para documentos pendentes.
2. **Configuração:**  Verifique e ajuste as configurações de porta COM no sistema operacional e no software PDV.  Reinstale o driver da impressora se necessário.
3. **Teste:** Imprima uma página de teste para validar a conexão e a configuração.

### **📞 ESCALAÇÃO (3º Nível)**  Verifique e ajuste as configurações de porta COM no sistema operacional e no software PDV.  Reinstale o driver da impressora se necessário.
3. **Teste:** Imprima uma página de teste para validar a conexão e a configuração.

### **📞 ESCALAÇÃO (3º Nível)**
**Para AERO:**  Escalar para o time de suporte da AERO (Simpress ou GBBS) conforme o modelo da impressora e o tipo de problema.
**Para Franquias:**  Orientar a franquia a contatar o suporte técnico da Bematech ou um técnico local se o problema
**Para AERO:**  Escalar para o time de suporte da AERO (Simpress ou GBBS) conforme o modelo da impressora e o tipo de problema.
**Para Franquias:**  Orientar a franquia a contatar o suporte técnico da Bematech ou um técnico local se o problema persistir.

**⚡ Tempo Estimado:** 5-15 minutos (dependendo da complexidade do problema)
**📋 Categorização:**  Hardware/Software/Configuração (dependendo da causa raiz)

### **Informações Adicionais:**
Consulte os artigos mencionados para detalhes específicos sobre cada persistir.

**⚡ Tempo Estimado:** 5-15 minutos (dependendo da complexidade do problema)
**📋 Categorização:**  Hardware/Software/Configuração (dependendo da causa raiz)

### **Informações Adicionais:**
Consulte os artigos mencionados para detalhes específicos sobre cada modelo de impressora e procedimentos de solução de problemas.  A prioridade é resolver o problema na loja o mais rápido possível. Se o problema persistir após as etapas de solução rápida e técnica, a escalação para o suporte especializado é necessária. modelo de impressora e procedimentos de solução de problemas.  A prioridade é resolver o problema na loja o mais rápido possível. Se o problema persistir após as etapas de solução rápida e técnica, a escalação para o suporte especializado é necessária.",positive
2025-08-02 11:42:47,Erro no SAT ,"#### 1. Código do Artigo: 9727, 3 1. Código do Artigo: 9727, 31703, 31713

## 2.1703, 31713

## 2. Título do Artigo:  Soluções para Falhas em SAT e MFE

## 3. Descrição das Principais Causas:

**🔌 Título do Artigo:  Soluções para Falhas em SAT e MFE

## 3. Descrição das Principais Causas:

**🔌 HARDWARE (Físicas)**
**• Causa 1: Problemas de Conexão Física do SAT**
   - Descrição: Cabo USB HARDWARE (Físicas)**
**• Causa 1: Problemas de Conexão Física do SAT**
   - Descrição: Cabo USB danificado ou mal conectado; SAT não conectado corretamente à porta USB (não usar HUB ou extensor); problemas na porta USB do computador.  Para o Gertec GerSAT 3.0, problemas na conexão de rede (cabo de danificado ou mal conectado; SAT não conectado corretamente à porta USB (não usar HUB ou extensor); problemas na porta USB do computador.  Para o Gertec GerSAT 3.0, problemas na conexão de rede (cabo de rede danificado ou mal conectado).
   - Referência: Artigos sobre instalação física de SAT (Gertec GerSAT 3.0, Elgin Smart SAT, etc.)

**💻 SOFTWARE (Sistema)**
**• Causa rede danificado ou mal conectado).
   - Referência: Artigos sobre instalação física de SAT (Gertec GerSAT 3.0, Elgin Smart SAT, etc.)

**💻 SOFTWARE (Sistema)**
**• Causa 2: Problemas de Driver e Software**
   - Descrição: Driver do SAT não instalado ou desatualizado; software do SAT com falhas; conflitos de software; aplicativo comercial não configurado corretamente para o modelo de SAT.
   - Referência: Artigos sobre instalação de drivers e softwares de 2: Problemas de Driver e Software**
   - Descrição: Driver do SAT não instalado ou desatualizado; software do SAT com falhas; conflitos de software; aplicativo comercial não configurado corretamente para o modelo de SAT.
   - Referência: Artigos sobre instalação de drivers e softwares de SAT (Gertec GerSAT 3.0, Elgin Smart SAT, etc.)

**⚙️ CONFIGURAÇÃO (Setup)**
**• Causa 3: Configurações Incorretas do SAT no Aplicativo Comercial**
   - Descrição: Modelo de SAT incorreto configurado no PDV SAT (Gertec GerSAT 3.0, Elgin Smart SAT, etc.)

**⚙️ CONFIGURAÇÃO (Setup)**
**• Causa 3: Configurações Incorretas do SAT no Aplicativo Comercial**
   - Descrição: Modelo de SAT incorreto configurado no PDV (Omnishop, Linx, Totvs); porta COM incorreta; código de ativação incorreto; certificado digital inválido ou não configurado.
   - Referência: Artigos sobre configuração de SAT em aplicativos comerciais (Omnishop, Linx, Totvs).

**🌐 CONECTIV (Omnishop, Linx, Totvs); porta COM incorreta; código de ativação incorreto; certificado digital inválido ou não configurado.
   - Referência: Artigos sobre configuração de SAT em aplicativos comerciais (Omnishop, Linx, Totvs).

**🌐 CONECTIVIDADE (Rede)**
**• Causa 4: Problemas de Conectividade com a SEFAZ**
   - Descrição: Ausência de conexão com a internet; problemas de firewall ou proxy; problemas no servidor da SEFAZ.
   - Referência: Artigos sobre conectividade e troubleshootingIDADE (Rede)**
**• Causa 4: Problemas de Conectividade com a SEFAZ**
   - Descrição: Ausência de conexão com a internet; problemas de firewall ou proxy; problemas no servidor da SEFAZ.
   - Referência: Artigos sobre conectividade e troubleshooting de rede.


## 4. Soluções Consolidadas por Prioridade:

### **🚀 SOLUÇÃO RÁPIDA (1º Tentar)**
1. **Verificação Inicial:** Verificar se o SAT está ligado e se há luz indicadora de funcionamento; verificar a conexão física do SAT ( de rede.


## 4. Soluções Consolidadas por Prioridade:

### **🚀 SOLUÇÃO RÁPIDA (1º Tentar)**
1. **Verificação Inicial:** Verificar se o SAT está ligado e se há luz indicadora de funcionamento; verificar a conexão física do SAT (cabo USB, cabo de rede - se aplicável); reiniciar o computador e o SAT.
2. **Ação Imediata:** Verificar a conexão de internet; verificar se o aplicativo comercial está configurado corretamente para o modelo de SAT; consultar os LEDs indicadores do SAT para identificar possíveis erros de hardware.cabo USB, cabo de rede - se aplicável); reiniciar o computador e o SAT.
2. **Ação Imediata:** Verificar a conexão de internet; verificar se o aplicativo comercial está configurado corretamente para o modelo de SAT; consultar os LEDs indicadores do SAT para identificar possíveis erros de hardware.

### **🔧 SOLUÇÃO TÉCNICA (2º Nível)**
1. **Diagnóstico:** Consultar a documentação do fabricante do SAT para identificar códigos de erro; verificar o gerenciador de dispositivos do Windows para identificar problemas com o driver do SAT; verificar as configurações do SAT no aplicativo comercial.

### **🔧 SOLUÇÃO TÉCNICA (2º Nível)**
1. **Diagnóstico:** Consultar a documentação do fabricante do SAT para identificar códigos de erro; verificar o gerenciador de dispositivos do Windows para identificar problemas com o driver do SAT; verificar as configurações do SAT no aplicativo comercial.2. **Configuração:** Reinstalar o driver do SAT; configurar corretamente o modelo de SAT, porta COM, código de ativação e certificado digital no aplicativo comercial; verificar as configurações de rede do SAT.
3. **Teste:** Realizar um teste de comunicação com a SEFAZ utilizando o software de2. **Configuração:** Reinstalar o driver do SAT; configurar corretamente o modelo de SAT, porta COM, código de ativação e certificado digital no aplicativo comercial; verificar as configurações de rede do SAT.
3. **Teste:** Realizar um teste de comunicação com a SEFAZ utilizando o software de ativação do SAT; emitir um cupom fiscal de teste.

### **📞 ESCALAÇÃO (3º Nível)**
**Para AERO:** Escalar para a equipe de suporte da AERO, fornecendo informações detalhadas sobre o problema, incluindo imagens dos códigos de erro e das configurações do SAT. ativação do SAT; emitir um cupom fiscal de teste.

### **📞 ESCALAÇÃO (3º Nível)**
**Para AERO:** Escalar para a equipe de suporte da AERO, fornecendo informações detalhadas sobre o problema, incluindo imagens dos códigos de erro e das configurações do SAT.
**Para Franquias:** Orientar a franquia a entrar em contato com o suporte técnico do fabricante do SAT ou com a equipe de suporte do aplicativo comercial.  Se o problema persistir, abrir um chamado na fila apropriada no sistema de suporte do Grupo Boticário.

**⚡ Tempo Estimado
**Para Franquias:** Orientar a franquia a entrar em contato com o suporte técnico do fabricante do SAT ou com a equipe de suporte do aplicativo comercial.  Se o problema persistir, abrir um chamado na fila apropriada no sistema de suporte do Grupo Boticário.

**⚡ Tempo Estimado:** 5-30 minutos (dependendo da complexidade do problema).
**📋 Categorização:**  Macro: Equipamento Fiscal; Submotivo: Falha SAT.

### **Informações Adicionais:**
Manter registros detalhados das ações realizadas e dos resultados obtidos para facilitar o diagnóstico e a:** 5-30 minutos (dependendo da complexidade do problema).
**📋 Categorização:**  Macro: Equipamento Fiscal; Submotivo: Falha SAT.

### **Informações Adicionais:**
Manter registros detalhados das ações realizadas e dos resultados obtidos para facilitar o diagnóstico e a resolução de problemas futuros.  Utilizar a documentação do fabricante do SAT e do aplicativo comercial como referência.  Priorizar a solução mais simples antes de escalar o problema. resolução de problemas futuros.  Utilizar a documentação do fabricante do SAT e do aplicativo comercial como referência.  Priorizar a solução mais simples antes de escalar o problema.",positive
2025-08-02 13:19:08,Preciso de ajuda para instalar uma impressora Zebra,"#### 1. Código do Artigo: 31702

## 1. Código do Artigo: 31702

## 2. Título do Artigo: CSF Tech: Instalação de Imp 2. Título do Artigo: CSF Tech: Instalação de Impressora Zebra

## 3. Descrição das Principais Causas:

**🔧 HARDWARE (Físicas)**
**• Causa ressora Zebra

## 3. Descrição das Principais Causas:

**🔧 HARDWARE (Físicas)**
**• Causa 1: Problemas de Conexão Física**
   - Descrição: Impressora não ligada, cabo USB danificado ou mal conectado, impressora1: Problemas de Conexão Física**
   - Descrição: Impressora não ligada, cabo USB danificado ou mal conectado, impressora sem papel ou ribbon, sensor de etiquetas desalinhado.
   - Referência: Artigos sobre instalação de impressora Zebra,  calibragem de etiquetas, troca de ribbon.

**💻 SOFTWARE (Sistema)**
**• sem papel ou ribbon, sensor de etiquetas desalinhado.
   - Referência: Artigos sobre instalação de impressora Zebra,  calibragem de etiquetas, troca de ribbon.

**💻 SOFTWARE (Sistema)**
**• Causa 2: Plugin JS Printer não instalado ou com falhas**
   - Descrição: Plugin necessário para comunicação com a impressora Zebra não está instalado, instalado incorretamente, ou apresenta erros de funcionamento (looping na Causa 2: Plugin JS Printer não instalado ou com falhas**
   - Descrição: Plugin necessário para comunicação com a impressora Zebra não está instalado, instalado incorretamente, ou apresenta erros de funcionamento (looping na instalação, falha na página do precificador).
   - Referência: Artigos sobre instalação e desinstalação do Plugin JS Printer, solução de problemas do plugin.

**⚙️ CONFIGURAÇÃO (Setup)**
**• Causa 3: Configurações de Impressão Incorretas** instalação, falha na página do precificador).
   - Referência: Artigos sobre instalação e desinstalação do Plugin JS Printer, solução de problemas do plugin.

**⚙️ CONFIGURAÇÃO (Setup)**
**• Causa 3: Configurações de Impressão Incorretas**   - Descrição: Impressora não selecionada corretamente, fila de impressão bloqueada, porta USB incorreta (troca de porta após instalação), configurações do driver incorretas (modo de controle).
   - Referência: Artigos sobre configurações do sistema de precificador,  configuração do driver da   - Descrição: Impressora não selecionada corretamente, fila de impressão bloqueada, porta USB incorreta (troca de porta após instalação), configurações do driver incorretas (modo de controle).
   - Referência: Artigos sobre configurações do sistema de precificador,  configuração do driver da impressora Zebra.


## 4. Soluções Consolidadas por Prioridade:

### **🚀 SOLUÇÃO RÁPIDA (1º Tentar)**
1. **Verificação Inicial:** Verifique se a impressora está ligada, conectada corretamente via USB (na mesma porta desde a instalação impressora Zebra.


## 4. Soluções Consolidadas por Prioridade:

### **🚀 SOLUÇÃO RÁPIDA (1º Tentar)**
1. **Verificação Inicial:** Verifique se a impressora está ligada, conectada corretamente via USB (na mesma porta desde a instalação), com papel e ribbon.  Verifique se o ícone do assistente de impressão (JSPrintManager) está ativo na bandeja do sistema.
2. **Ação Imediata:** Reinicie a impressora. Limpe a fila de impressão.  Verifique se o endereço da extranet está corretamente listado nas), com papel e ribbon.  Verifique se o ícone do assistente de impressão (JSPrintManager) está ativo na bandeja do sistema.
2. **Ação Imediata:** Reinicie a impressora. Limpe a fila de impressão.  Verifique se o endereço da extranet está corretamente listado nas abas Allowed e Blocked do JSPrintManager.

### **🔧 SOLUÇÃO TÉCNICA (2º Nível)**
1. **Diagnóstico:** Utilize o prompt de comando (CMD) para verificar a instalação do plugin (appwiz.cpl) e a conexão da impressora (devmgmt.msc). abas Allowed e Blocked do JSPrintManager.

### **🔧 SOLUÇÃO TÉCNICA (2º Nível)**
1. **Diagnóstico:** Utilize o prompt de comando (CMD) para verificar a instalação do plugin (appwiz.cpl) e a conexão da impressora (devmgmt.msc).2. **Configuração:** Instale ou reinstale o Plugin JS Printer (selecionando a opção correta para PDV ou não-PDV). Configure corretamente o driver da impressora (modo de controle, porta).  Configure o IP da impressora se necessário.
3. **Teste:** Imprima uma2. **Configuração:** Instale ou reinstale o Plugin JS Printer (selecionando a opção correta para PDV ou não-PDV). Configure corretamente o driver da impressora (modo de controle, porta).  Configure o IP da impressora se necessário.
3. **Teste:** Imprima uma página de teste.

### **📞 ESCALAÇÃO (3º Nível)**
**Para AERO:** Encaminhe um chamado para o time TI - GBBS - Atendimento de Campo.
**Para Franquias:** Se o problema persistir, oriente a franquia a entrar em contato com a assistência página de teste.

### **📞 ESCALAÇÃO (3º Nível)**
**Para AERO:** Encaminhe um chamado para o time TI - GBBS - Atendimento de Campo.
**Para Franquias:** Se o problema persistir, oriente a franquia a entrar em contato com a assistência técnica da Zebra.


**⚡ Tempo Estimado:** 15-30 minutos (dependendo da complexidade do problema).
**📋 Categorização:** CSF Tech / Impressora Zebra / Instalação/Configuração/Falhas

### **Informações Adicionais:**
Para lojas All Free ( técnica da Zebra.


**⚡ Tempo Estimado:** 15-30 minutos (dependendo da complexidade do problema).
**📋 Categorização:** CSF Tech / Impressora Zebra / Instalação/Configuração/Falhas

### **Informações Adicionais:**
Para lojas All Free (fora da rede Boticário), o suporte de infraestrutura é de responsabilidade do franqueado.  O modelo de impressora GC420T não tem mais suporte a partir do Ciclo 0125.  A instalação em computadores fora da rede Boticário é de responsabilidade da franquiafora da rede Boticário), o suporte de infraestrutura é de responsabilidade do franqueado.  O modelo de impressora GC420T não tem mais suporte a partir do Ciclo 0125.  A instalação em computadores fora da rede Boticário é de responsabilidade da franquia; a CSF fornece apenas orientação.  Consulte a extranet para comunicados relevantes.; a CSF fornece apenas orientação.  Consulte a extranet para comunicados relevantes.",positive
